alive_cell_count,decay_cell_count,dead_cell_count,cumulative_rule_count,count_alive_0,count_alive_1,grid_difference
124613.0,0.0,125387.0,1.0,62384.0,62229.0,42781.0
143422.0,0.0,106578.0,41.0,98040.0,45382.0,27244.0
159328.0,0.0,90672.0,41.0,121936.0,37392.0,21832.0
172880.0,0.0,77120.0,42.0,140434.0,32446.0,19074.0
184449.0,0.0,65551.0,42.0,155913.0,28536.0,16909.0
194221.0,0.0,55779.0,42.0,168572.0,25649.0,14953.0
202583.0,0.0,47417.0,42.0,179283.0,23300.0,13436.0
209748.0,0.0,40252.0,42.0,188304.0,21444.0,11877.0
215826.0,0.0,34174.0,43.0,195667.0,20159.0,11143.0
220912.0,0.0,29088.0,44.0,201748.0,19164.0,10521.0
118493.0,106724.0,24783.0,44.0,206740.0,18477.0,4425.0
106555.0,122343.0,21102.0,46.0,210426.0,18472.0,2593.0
96456.0,135516.0,18028.0,48.0,213099.0,18873.0,1745.0
87791.0,146733.0,15476.0,48.0,215626.0,18898.0,1177.0
80426.0,156311.0,13263.0,50.0,217666.0,19071.0,804.0
74204.0,164373.0,11423.0,50.0,219420.0,19157.0,555.0
68770.0,171322.0,9908.0,51.0,220848.0,19244.0,421.0
49799.0,191610.0,8591.0,52.0,222122.0,19287.0,257.0
43207.0,199193.0,7600.0,52.0,223062.0,19338.0,180.0
37620.0,205581.0,6799.0,53.0,223847.0,19354.0,118.0
32856.0,210979.0,6165.0,53.0,224447.0,19388.0,76.0
28764.0,215579.0,5657.0,53.0,224935.0,19408.0,69.0
25264.0,219467.0,5269.0,53.0,225304.0,19427.0,60.0
22352.0,222698.0,4950.0,53.0,225621.0,19429.0,38.0
16962.0,228320.0,4718.0,53.0,225853.0,19429.0,33.0
14297.0,231168.0,4535.0,53.0,226025.0,19440.0,19.0
12103.0,233504.0,4393.0,53.0,226162.0,19445.0,19.0
10100.0,235583.0,4317.0,53.0,226237.0,19446.0,16.0
8518.0,237238.0,4244.0,53.0,226306.0,19450.0,14.0
7198.0,238619.0,4183.0,53.0,226365.0,19452.0,12034.0
6141.0,132985.0,110874.0,53.0,131696.0,7430.0,1211.0
7368.0,118862.0,123770.0,53.0,119951.0,6279.0,921.0
9443.0,106536.0,134021.0,53.0,110573.0,5406.0,744.0
12021.0,96057.0,141922.0,53.0,103366.0,4712.0,656.0
15280.0,87034.0,147686.0,57.0,98204.0,4110.0,545.0
19378.0,79415.0,151207.0,62.0,95150.0,3643.0,470.0
24264.0,72842.0,152894.0,71.0,93867.0,3239.0,1279.0
30107.0,52837.0,167056.0,74.0,80920.0,2024.0,513.0
37339.0,45591.0,167070.0,81.0,81263.0,1667.0,412.0
46094.0,39417.0,164489.0,91.0,84160.0,1351.0,378.0
55804.0,34203.0,159993.0,105.0,88836.0,1171.0,331.0
64216.0,31936.0,153848.0,113.0,95174.0,978.0,337.0
73361.0,30576.0,146063.0,121.0,103048.0,889.0,310.0
82748.0,30135.0,137117.0,134.0,112114.0,769.0,393.0
92157.0,27700.0,130143.0,143.0,119183.0,674.0,335.0
101195.0,28635.0,120170.0,160.0,129211.0,619.0,383.0
109531.0,30672.0,109797.0,173.0,139609.0,594.0,413.0
116771.0,33626.0,99603.0,185.0,149810.0,587.0,370.0
121989.0,38550.0,89461.0,197.0,159954.0,585.0,385.0
125296.0,44924.0,79780.0,214.0,169614.0,606.0,411.0
126990.0,52348.0,70662.0,223.0,178721.0,617.0,392.0
126719.0,60417.0,62864.0,233.0,186493.0,643.0,390.0
124681.0,70162.0,55157.0,241.0,194156.0,687.0,408.0
120913.0,80790.0,48297.0,248.0,201044.0,659.0,395.0
115564.0,92348.0,42088.0,253.0,207190.0,722.0,366.0
108567.0,104883.0,36550.0,261.0,212716.0,734.0,351.0
100572.0,117785.0,31643.0,265.0,217600.0,757.0,323.0
91695.0,130821.0,27484.0,268.0,221740.0,776.0,282.0
82433.0,143574.0,23993.0,272.0,225239.0,768.0,263.0
73014.0,156032.0,20954.0,273.0,228269.0,777.0,256.0
63932.0,167708.0,18360.0,274.0,230855.0,785.0,228.0
55375.0,176209.0,18416.0,276.0,230779.0,805.0,195.0
47811.0,183543.0,18646.0,278.0,230572.0,782.0,181.0
41023.0,189491.0,19486.0,281.0,229735.0,779.0,156.0
35184.0,193978.0,20838.0,282.0,228393.0,769.0,114.0
30394.0,196747.0,22859.0,284.0,226394.0,747.0,116.0
26446.0,197984.0,25570.0,285.0,223677.0,753.0,114.0
23580.0,197498.0,28922.0,285.0,220353.0,725.0,109.0
21461.0,194819.0,33720.0,285.0,215570.0,710.0,114.0
19990.0,190387.0,39623.0,287.0,209687.0,690.0,123.0
19213.0,184697.0,46090.0,287.0,203227.0,683.0,104.0
19171.0,177439.0,53390.0,289.0,195955.0,655.0,119.0
19458.0,169158.0,61384.0,292.0,187996.0,620.0,115.0
20434.0,159748.0,69818.0,295.0,179595.0,587.0,123.0
21928.0,149476.0,78596.0,301.0,170828.0,576.0,139.0
23967.0,138262.0,87771.0,307.0,161680.0,549.0,154.0
26757.0,126647.0,96596.0,311.0,152863.0,541.0,171.0
30434.0,115010.0,104556.0,314.0,144940.0,504.0,198.0
34552.0,103702.0,111746.0,320.0,137712.0,542.0,238.0
39446.0,92883.0,117671.0,326.0,131779.0,550.0,265.0
44851.0,83069.0,122080.0,336.0,127343.0,577.0,287.0
50938.0,74500.0,124562.0,342.0,124906.0,532.0,350.0
57545.0,67236.0,125219.0,349.0,124203.0,578.0,375.0
64358.0,61429.0,124213.0,360.0,125184.0,603.0,414.0
71493.0,57087.0,121420.0,369.0,127959.0,621.0,497.0
78501.0,54336.0,117163.0,374.0,132137.0,700.0,519.0
85288.0,53174.0,111538.0,379.0,137739.0,723.0,559.0
91199.0,53982.0,104819.0,392.0,144349.0,832.0,583.0
96541.0,55973.0,97486.0,401.0,151599.0,915.0,594.0
100781.0,59392.0,89827.0,412.0,159208.0,965.0,648.0
103933.0,64014.0,82053.0,430.0,166882.0,1065.0,628.0
105647.0,70053.0,74300.0,442.0,174611.0,1089.0,691.0
105893.0,76939.0,67168.0,449.0,181650.0,1182.0,689.0
104819.0,84723.0,60458.0,457.0,188297.0,1245.0,650.0
102280.0,93336.0,54384.0,464.0,194301.0,1315.0,655.0
98639.0,102379.0,48982.0,470.0,199676.0,1342.0,634.0
94231.0,111948.0,43821.0,479.0,204747.0,1432.0,585.0
88872.0,121523.0,39605.0,483.0,208956.0,1439.0,588.0
82953.0,130967.0,36080.0,487.0,212395.0,1525.0,581.0
76773.0,140094.0,33133.0,491.0,215335.0,1532.0,534.0
70479.0,148642.0,30879.0,493.0,217511.0,1610.0,504.0
64469.0,156255.0,29276.0,495.0,219128.0,1596.0,449.0
58926.0,162734.0,28340.0,499.0,220015.0,1645.0,422.0
53984.0,167969.0,28047.0,499.0,220336.0,1617.0,391.0
49783.0,171992.0,28225.0,505.0,220107.0,1668.0,355.0
46265.0,174684.0,29051.0,507.0,219286.0,1663.0,340.0
43137.0,176268.0,30595.0,510.0,217762.0,1643.0,333.0
40971.0,176044.0,32985.0,511.0,215369.0,1646.0,314.0
39276.0,174856.0,35868.0,514.0,212526.0,1606.0,304.0
38182.0,172427.0,39391.0,516.0,209021.0,1588.0,296.0
37705.0,168913.0,43382.0,517.0,205048.0,1570.0,323.0
37786.0,164236.0,47978.0,521.0,200469.0,1553.0,315.0
38445.0,158500.0,53055.0,525.0,195419.0,1526.0,373.0
39573.0,152072.0,58355.0,528.0,190162.0,1483.0,361.0
41338.0,144842.0,63820.0,533.0,184728.0,1452.0,379.0
43830.0,137104.0,69066.0,537.0,179519.0,1415.0,428.0
46995.0,128918.0,74087.0,544.0,174518.0,1395.0,439.0
50626.0,120805.0,78569.0,550.0,170049.0,1382.0,485.0
54739.0,112617.0,82644.0,555.0,165941.0,1415.0,508.0
59384.0,104872.0,85744.0,563.0,162885.0,1371.0,539.0
64347.0,97688.0,87965.0,573.0,160681.0,1354.0,581.0
69640.0,91474.0,88886.0,578.0,159721.0,1393.0,593.0
74942.0,86362.0,88696.0,588.0,159920.0,1384.0,626.0
80528.0,82432.0,87040.0,596.0,161562.0,1398.0,699.0
85752.0,79735.0,84513.0,602.0,164098.0,1389.0,761.0
90626.0,78379.0,80995.0,617.0,167529.0,1476.0,784.0
94766.0,78042.0,77192.0,625.0,171318.0,1490.0,824.0
98099.0,79045.0,72856.0,627.0,175592.0,1552.0,836.0
101026.0,80777.0,68197.0,637.0,180253.0,1550.0,935.0
102757.0,83634.0,63609.0,645.0,184686.0,1705.0,866.0
103583.0,87232.0,59185.0,655.0,189134.0,1681.0,880.0
103433.0,91667.0,54900.0,657.0,193315.0,1785.0,890.0
102402.0,96758.0,50840.0,658.0,197365.0,1795.0,879.0
100467.0,102476.0,47057.0,664.0,201059.0,1884.0,877.0
97621.0,108473.0,43906.0,669.0,204203.0,1891.0,838.0
94441.0,114758.0,40801.0,675.0,207240.0,1959.0,797.0
90619.0,121066.0,38315.0,679.0,209675.0,2010.0,767.0
86805.0,127148.0,36047.0,681.0,211946.0,2007.0,740.0
82647.0,133242.0,34111.0,685.0,213846.0,2043.0,697.0
78368.0,138794.0,32838.0,687.0,215102.0,2060.0,676.0
74309.0,143779.0,31912.0,689.0,215980.0,2108.0,662.0
70406.0,148216.0,31378.0,693.0,216520.0,2102.0,633.0
66433.0,152156.0,31411.0,696.0,216456.0,2133.0,575.0
62933.0,155313.0,31754.0,700.0,216144.0,2102.0,517.0
59907.0,157454.0,32639.0,702.0,215280.0,2081.0,533.0
57169.0,159027.0,33804.0,703.0,214102.0,2094.0,502.0
54961.0,159394.0,35645.0,705.0,212299.0,2056.0,497.0
52911.0,159259.0,37830.0,707.0,210139.0,2031.0,467.0
51490.0,158448.0,40062.0,710.0,207942.0,1996.0,492.0
50675.0,156423.0,42902.0,713.0,205100.0,1998.0,467.0
50313.0,153801.0,45886.0,717.0,202177.0,1937.0,452.0
50317.0,150515.0,49168.0,723.0,198925.0,1907.0,486.0
50857.0,146633.0,52510.0,726.0,195609.0,1881.0,506.0
51894.0,142195.0,55911.0,730.0,192248.0,1841.0,534.0
53307.0,137525.0,59168.0,733.0,189005.0,1827.0,567.0
54991.0,132848.0,62161.0,736.0,186065.0,1774.0,600.0
57149.0,128068.0,64783.0,741.0,183415.0,1802.0,631.0
59303.0,123619.0,67078.0,744.0,181143.0,1779.0,644.0
61757.0,119400.0,68843.0,751.0,179366.0,1791.0,687.0
64364.0,115605.0,70031.0,758.0,178149.0,1820.0,711.0
67016.0,112461.0,70523.0,763.0,177690.0,1787.0,786.0
69720.0,109788.0,70492.0,770.0,177737.0,1771.0,854.0
72243.0,107606.0,70151.0,773.0,178018.0,1831.0,858.0
74539.0,106239.0,69222.0,781.0,178937.0,1841.0,927.0
76666.0,105739.0,67595.0,788.0,180545.0,1860.0,974.0
78336.0,105624.0,66040.0,791.0,182014.0,1946.0,998.0
79634.0,106454.0,63912.0,793.0,184078.0,2010.0,1010.0
80729.0,107434.0,61837.0,797.0,186107.0,2056.0,1064.0
81266.0,109206.0,59528.0,800.0,188426.0,2046.0,1064.0
81279.0,111699.0,57022.0,803.0,190862.0,2116.0,1049.0
80800.0,114707.0,54493.0,808.0,193374.0,2133.0,1024.0
79934.0,118025.0,52041.0,812.0,195752.0,2207.0,1051.0
78722.0,121600.0,49678.0,814.0,198066.0,2256.0,1031.0
77011.0,125327.0,47662.0,821.0,200025.0,2313.0,974.0
74856.0,129205.0,45939.0,828.0,201692.0,2369.0,972.0
72543.0,132785.0,44672.0,830.0,202921.0,2407.0,939.0
70110.0,136390.0,43500.0,835.0,204048.0,2452.0,865.0
67544.0,139691.0,42765.0,840.0,204752.0,2483.0,874.0
64838.0,142713.0,42449.0,840.0,205002.0,2549.0,813.0
62394.0,145378.0,42228.0,843.0,205234.0,2538.0,811.0
59975.0,147563.0,42462.0,850.0,205013.0,2525.0,766.0
57604.0,149400.0,42996.0,853.0,204435.0,2569.0,789.0
55483.0,150717.0,43800.0,859.0,203660.0,2540.0,745.0
53778.0,151299.0,44923.0,867.0,202512.0,2565.0,765.0
52446.0,151268.0,46286.0,869.0,201160.0,2554.0,772.0
51610.0,150617.0,47773.0,873.0,199707.0,2520.0,723.0
51035.0,149479.0,49486.0,877.0,198003.0,2511.0,765.0
50803.0,148020.0,51177.0,879.0,196301.0,2522.0,746.0
51019.0,145855.0,53126.0,883.0,194340.0,2534.0,742.0
51472.0,143435.0,55093.0,883.0,192397.0,2510.0,780.0
52321.0,140545.0,57134.0,883.0,190394.0,2472.0,818.0
53604.0,137308.0,59088.0,884.0,188390.0,2522.0,862.0
55108.0,133986.0,60906.0,892.0,186620.0,2474.0,879.0
56948.0,130565.0,62487.0,896.0,185072.0,2441.0,945.0
58927.0,127068.0,64005.0,907.0,183505.0,2490.0,955.0
61003.0,123924.0,65073.0,908.0,182430.0,2497.0,981.0
63071.0,120923.0,66006.0,913.0,181494.0,2500.0,1047.0
65360.0,118126.0,66514.0,920.0,180947.0,2539.0,1050.0
67556.0,115641.0,66803.0,927.0,180626.0,2571.0,1101.0
69825.0,113656.0,66519.0,931.0,180867.0,2614.0,1163.0
71954.0,112097.0,65949.0,937.0,181422.0,2629.0,1213.0
73891.0,110884.0,65225.0,946.0,182117.0,2658.0,1229.0
75733.0,110021.0,64246.0,948.0,183023.0,2731.0,1230.0
77509.0,109764.0,62727.0,959.0,184534.0,2739.0,1239.0
79058.0,109891.0,61051.0,965.0,186177.0,2772.0,1251.0
80333.0,110466.0,59201.0,972.0,187928.0,2871.0,1258.0
81461.0,111163.0,57376.0,980.0,189713.0,2911.0,1301.0
82448.0,112248.0,55304.0,981.0,191752.0,2944.0,1254.0
83145.0,113644.0,53211.0,989.0,193785.0,3004.0,1317.0
83276.0,115303.0,51421.0,995.0,195522.0,3057.0,1305.0
83212.0,117183.0,49605.0,997.0,197225.0,3170.0,1254.0
82811.0,119278.0,47911.0,1002.0,198925.0,3164.0,1215.0
82072.0,121488.0,46440.0,1007.0,200325.0,3235.0,1215.0
80982.0,123894.0,45124.0,1013.0,201586.0,3290.0,1225.0
79736.0,126302.0,43962.0,1018.0,202749.0,3289.0,1161.0
78323.0,128459.0,43218.0,1023.0,203448.0,3334.0,1184.0
76881.0,130591.0,42528.0,1030.0,204122.0,3350.0,1175.0
75091.0,132694.0,42215.0,1036.0,204430.0,3355.0,1182.0
73348.0,134476.0,42176.0,1039.0,204453.0,3371.0,1124.0
71921.0,135781.0,42298.0,1041.0,204247.0,3455.0,1087.0
70305.0,136863.0,42832.0,1047.0,203812.0,3356.0,1088.0
69164.0,137431.0,43405.0,1051.0,203219.0,3376.0,1111.0
68332.0,137853.0,43815.0,1057.0,202766.0,3419.0,1021.0
67374.0,137864.0,44762.0,1061.0,201854.0,3384.0,1092.0
66763.0,137860.0,45377.0,1067.0,201251.0,3372.0,1060.0
66426.0,137386.0,46188.0,1070.0,200458.0,3354.0,1098.0
66030.0,137022.0,46948.0,1075.0,199698.0,3354.0,1094.0
66170.0,136182.0,47648.0,1080.0,199026.0,3326.0,1093.0
66343.0,135303.0,48354.0,1082.0,198295.0,3351.0,1064.0
66577.0,134163.0,49260.0,1087.0,197421.0,3319.0,1170.0
67159.0,132823.0,50018.0,1091.0,196649.0,3333.0,1186.0
67868.0,131411.0,50721.0,1093.0,195958.0,3321.0,1240.0
68353.0,130115.0,51532.0,1097.0,195147.0,3321.0,1258.0
69358.0,128342.0,52300.0,1105.0,194385.0,3315.0,1294.0
70057.0,126751.0,53192.0,1110.0,193491.0,3317.0,1273.0
71205.0,125160.0,53635.0,1117.0,193045.0,3320.0,1318.0
72143.0,123565.0,54292.0,1120.0,192380.0,3328.0,1311.0
73116.0,122015.0,54869.0,1123.0,191820.0,3311.0,1336.0
74079.0,120658.0,55263.0,1129.0,191324.0,3413.0,1341.0
75111.0,119636.0,55253.0,1136.0,191377.0,3370.0,1375.0
76226.0,118632.0,55142.0,1143.0,191489.0,3369.0,1423.0
77128.0,118259.0,54613.0,1149.0,192023.0,3364.0,1399.0
77834.0,117928.0,54238.0,1150.0,192371.0,3391.0,1390.0
78541.0,117974.0,53485.0,1155.0,193086.0,3429.0,1403.0
79164.0,117928.0,52908.0,1161.0,193622.0,3470.0,1390.0
79576.0,118506.0,51918.0,1166.0,194614.0,3468.0,1397.0
79663.0,119014.0,51323.0,1169.0,195194.0,3483.0,1400.0
79872.0,119928.0,50200.0,1178.0,196279.0,3521.0,1416.0
79805.0,120867.0,49328.0,1186.0,197057.0,3615.0,1378.0
79684.0,121884.0,48432.0,1199.0,197931.0,3637.0,1402.0
79318.0,123213.0,47469.0,1201.0,198860.0,3671.0,1421.0
78617.0,124693.0,46690.0,1206.0,199638.0,3672.0,1365.0
77659.0,126072.0,46269.0,1211.0,199984.0,3747.0,1359.0
76367.0,127925.0,45708.0,1217.0,200562.0,3730.0,1296.0
74821.0,129726.0,45453.0,1221.0,200813.0,3734.0,1215.0
73145.0,131802.0,45053.0,1226.0,201270.0,3677.0,1239.0
71411.0,133689.0,44900.0,1235.0,201372.0,3728.0,1270.0
69332.0,135768.0,44900.0,1240.0,201360.0,3740.0,1219.0
67417.0,137623.0,44960.0,1244.0,201341.0,3699.0,1271.0
65442.0,139369.0,45189.0,1247.0,201093.0,3718.0,1254.0
63479.0,141003.0,45518.0,1252.0,200790.0,3692.0,1209.0
61832.0,142024.0,46144.0,1264.0,200185.0,3671.0,1202.0
60418.0,142805.0,46777.0,1268.0,199584.0,3639.0,1244.0
59348.0,143137.0,47515.0,1273.0,198884.0,3601.0,1249.0
58478.0,143314.0,48208.0,1282.0,198178.0,3614.0,1211.0
57617.0,143119.0,49264.0,1290.0,197159.0,3577.0,1235.0
57317.0,142615.0,50068.0,1293.0,196310.0,3622.0,1227.0
57309.0,141854.0,50837.0,1304.0,195582.0,3581.0,1207.0
57260.0,141038.0,51702.0,1308.0,194698.0,3600.0,1285.0
57370.0,140050.0,52580.0,1316.0,193879.0,3541.0,1248.0
57862.0,138810.0,53328.0,1324.0,193125.0,3547.0,1297.0
58305.0,137383.0,54312.0,1330.0,192166.0,3522.0,1301.0
58952.0,135804.0,55244.0,1334.0,191141.0,3615.0,1347.0
59632.0,134085.0,56283.0,1342.0,190193.0,3524.0,1300.0
60406.0,132188.0,57406.0,1351.0,189006.0,3588.0,1284.0
61478.0,130009.0,58513.0,1360.0,187913.0,3574.0,1259.0
62455.0,128191.0,59354.0,1362.0,187065.0,3581.0,1340.0
63588.0,126188.0,60224.0,1369.0,186181.0,3595.0,1365.0
64777.0,124278.0,60945.0,1378.0,185439.0,3616.0,1381.0
66106.0,122456.0,61438.0,1385.0,184955.0,3607.0,1420.0
67357.0,121018.0,61625.0,1390.0,184748.0,3627.0,1430.0
68706.0,119826.0,61468.0,1398.0,184835.0,3697.0,1486.0
70080.0,119053.0,60867.0,1404.0,185382.0,3751.0,1565.0
71218.0,118668.0,60114.0,1411.0,186066.0,3820.0,1575.0
72302.0,118566.0,59132.0,1414.0,187011.0,3857.0,1566.0
73059.0,118780.0,58161.0,1422.0,187932.0,3907.0,1636.0
73749.0,119447.0,56804.0,1430.0,189227.0,3969.0,1646.0
74133.0,120571.0,55296.0,1437.0,190699.0,4005.0,1611.0
74226.0,121712.0,54062.0,1444.0,191920.0,4018.0,1669.0
74053.0,123152.0,52795.0,1452.0,193096.0,4109.0,1660.0
73424.0,124886.0,51690.0,1461.0,194151.0,4159.0,1595.0
72904.0,126665.0,50431.0,1470.0,195499.0,4070.0,1552.0
71802.0,128681.0,49517.0,1475.0,196351.0,4132.0,1550.0
70747.0,130504.0,48749.0,1482.0,197085.0,4166.0,1571.0
69413.0,132353.0,48234.0,1487.0,197523.0,4243.0,1597.0
68158.0,134166.0,47676.0,1492.0,198120.0,4204.0,1560.0
66805.0,135827.0,47368.0,1498.0,198384.0,4248.0,1576.0
65497.0,137348.0,47155.0,1505.0,198571.0,4274.0,1608.0
64292.0,138634.0,47074.0,1509.0,198686.0,4240.0,1607.0
63212.0,139792.0,46996.0,1523.0,198693.0,4311.0,1563.0
62134.0,140402.0,47464.0,1530.0,198264.0,4272.0,1530.0
61285.0,141078.0,47637.0,1538.0,198069.0,4294.0,1529.0
60860.0,141078.0,48062.0,1543.0,197651.0,4287.0,1417.0
60650.0,140796.0,48554.0,1547.0,197218.0,4228.0,1430.0
60860.0,140080.0,49060.0,1555.0,196668.0,4272.0,1458.0
61072.0,138994.0,49934.0,1560.0,195848.0,4218.0,1483.0
61630.0,137683.0,50687.0,1566.0,195094.0,4219.0,1443.0
62419.0,135978.0,51603.0,1581.0,194173.0,4224.0,1534.0
63402.0,134181.0,52417.0,1588.0,193347.0,4236.0,1529.0
64334.0,132231.0,53435.0,1598.0,192300.0,4265.0,1574.0
65878.0,129808.0,54314.0,1604.0,191415.0,4271.0,1544.0
67168.0,127634.0,55198.0,1609.0,190543.0,4259.0,1549.0
68512.0,125318.0,56170.0,1612.0,189576.0,4254.0,1598.0
69867.0,123164.0,56969.0,1621.0,188723.0,4308.0,1683.0
71384.0,121216.0,57400.0,1630.0,188229.0,4371.0,1677.0
73001.0,119299.0,57700.0,1636.0,187940.0,4360.0,1740.0
74506.0,117556.0,57938.0,1645.0,187632.0,4430.0,1830.0
76094.0,116038.0,57868.0,1653.0,187674.0,4458.0,1800.0
77480.0,114978.0,57542.0,1667.0,187974.0,4484.0,1781.0
79076.0,113917.0,57007.0,1679.0,188452.0,4541.0,1803.0
80329.0,113425.0,56246.0,1688.0,189140.0,4614.0,1864.0
81397.0,112996.0,55607.0,1693.0,189715.0,4678.0,1862.0
82421.0,113136.0,54443.0,1700.0,190795.0,4762.0,1912.0
83168.0,113625.0,53207.0,1709.0,192031.0,4762.0,1917.0
83479.0,114727.0,51794.0,1712.0,193293.0,4913.0,1890.0
83651.0,116054.0,50295.0,1718.0,194892.0,4813.0,1941.0
83495.0,117571.0,48934.0,1722.0,196108.0,4958.0,1953.0
82916.0,119496.0,47588.0,1733.0,197427.0,4985.0,1885.0
82129.0,121470.0,46401.0,1737.0,198585.0,5014.0,1883.0
81102.0,123576.0,45322.0,1744.0,199713.0,4965.0,1839.0
79931.0,125878.0,44191.0,1748.0,200771.0,5038.0,1803.0
78722.0,127922.0,43356.0,1757.0,201577.0,5067.0,1830.0
77334.0,129837.0,42829.0,1762.0,202136.0,5035.0,1772.0
75812.0,131785.0,42403.0,1763.0,202500.0,5097.0,1788.0
74278.0,133401.0,42321.0,1769.0,202544.0,5135.0,1714.0
72743.0,135052.0,42205.0,1774.0,202658.0,5137.0,1725.0
71481.0,136215.0,42304.0,1777.0,202584.0,5112.0,1701.0
70271.0,137156.0,42573.0,1781.0,202280.0,5147.0,1756.0
69074.0,137703.0,43223.0,1785.0,201640.0,5137.0,1739.0
68027.0,138336.0,43637.0,1791.0,201343.0,5020.0,1734.0
67281.0,138362.0,44357.0,1796.0,200563.0,5080.0,1711.0
66710.0,138236.0,45054.0,1801.0,199899.0,5047.0,1723.0
66475.0,137848.0,45677.0,1809.0,199257.0,5066.0,1765.0
66222.0,137262.0,46516.0,1814.0,198515.0,4969.0,1656.0
66257.0,136271.0,47472.0,1818.0,197561.0,4967.0,1711.0
66468.0,135186.0,48346.0,1823.0,196714.0,4940.0,1717.0
66825.0,133891.0,49284.0,1828.0,195849.0,4867.0,1720.0
67339.0,132388.0,50273.0,1834.0,194852.0,4875.0,1727.0
68038.0,130806.0,51156.0,1840.0,194070.0,4774.0,1705.0
68962.0,129032.0,52006.0,1849.0,193193.0,4801.0,1761.0
69952.0,127343.0,52705.0,1855.0,192491.0,4804.0,1800.0
70909.0,125841.0,53250.0,1861.0,191916.0,4834.0,1872.0
71662.0,124616.0,53722.0,1869.0,191454.0,4824.0,1926.0
72376.0,123489.0,54135.0,1876.0,191037.0,4828.0,1884.0
73050.0,122603.0,54347.0,1886.0,190817.0,4836.0,1948.0
73369.0,122054.0,54577.0,1891.0,190595.0,4828.0,1966.0
73609.0,121981.0,54410.0,1901.0,190748.0,4842.0,1955.0
73447.0,122217.0,54336.0,1907.0,190817.0,4847.0,1998.0
73375.0,122775.0,53850.0,1915.0,191257.0,4893.0,2016.0
73163.0,123489.0,53348.0,1917.0,191747.0,4905.0,1995.0
72693.0,124586.0,52721.0,1926.0,192357.0,4922.0,1940.0
72192.0,125917.0,51891.0,1930.0,193217.0,4892.0,1953.0
71474.0,127327.0,51199.0,1937.0,193872.0,4929.0,1965.0
70713.0,128761.0,50526.0,1944.0,194516.0,4958.0,1880.0
69824.0,130360.0,49816.0,1953.0,195172.0,5012.0,1910.0
68945.0,131753.0,49302.0,1963.0,195662.0,5036.0,1946.0
68031.0,133332.0,48637.0,1967.0,196293.0,5070.0,1961.0
67249.0,134569.0,48182.0,1974.0,196703.0,5115.0,1931.0
66199.0,136066.0,47735.0,1985.0,197193.0,5072.0,1861.0
64980.0,137620.0,47400.0,1991.0,197535.0,5065.0,1887.0
64048.0,138987.0,46965.0,1998.0,197907.0,5128.0,1875.0
62756.0,140248.0,46996.0,2003.0,197845.0,5159.0,1857.0
61828.0,140938.0,47234.0,2006.0,197612.0,5154.0,1782.0
60861.0,141432.0,47707.0,2010.0,197033.0,5260.0,1787.0
59989.0,141681.0,48330.0,2015.0,196453.0,5217.0,1715.0
59334.0,141425.0,49241.0,2019.0,195525.0,5234.0,1698.0
58726.0,140974.0,50300.0,2027.0,194500.0,5200.0,1756.0
58379.0,140102.0,51519.0,2035.0,193299.0,5182.0,1782.0
58464.0,139005.0,52531.0,2039.0,192257.0,5212.0,1766.0
58585.0,137616.0,53799.0,2043.0,190997.0,5204.0,1817.0
58919.0,136238.0,54843.0,2046.0,189900.0,5257.0,1759.0
59499.0,134462.0,56039.0,2051.0,188711.0,5250.0,1822.0
60121.0,132824.0,57055.0,2061.0,187689.0,5256.0,1832.0
61041.0,131093.0,57866.0,2073.0,186908.0,5226.0,1867.0
62112.0,129341.0,58547.0,2081.0,186178.0,5275.0,1918.0
63365.0,127808.0,58827.0,2092.0,185842.0,5331.0,2004.0
64604.0,126293.0,59103.0,2096.0,185604.0,5293.0,1992.0
65905.0,125161.0,58934.0,2104.0,185719.0,5347.0,2079.0
66843.0,124191.0,58966.0,2110.0,185616.0,5418.0,2130.0
67987.0,123102.0,58911.0,2117.0,185663.0,5426.0,2098.0
68946.0,122493.0,58561.0,2121.0,185901.0,5538.0,2212.0
69879.0,121776.0,58345.0,2125.0,186169.0,5486.0,2188.0
70694.0,121488.0,57818.0,2133.0,186680.0,5502.0,2280.0
71321.0,121446.0,57233.0,2145.0,187187.0,5580.0,2289.0
71744.0,121637.0,56619.0,2153.0,187798.0,5583.0,2318.0
72178.0,122225.0,55597.0,2158.0,188682.0,5721.0,2298.0
72178.0,122843.0,54979.0,2164.0,189262.0,5759.0,2255.0
72002.0,123794.0,54204.0,2173.0,189992.0,5804.0,2340.0
72087.0,124815.0,53098.0,2184.0,191038.0,5864.0,2375.0
71809.0,126073.0,52118.0,2193.0,191985.0,5897.0,2402.0
71145.0,127332.0,51523.0,2197.0,192562.0,5915.0,2390.0
70744.0,128722.0,50534.0,2206.0,193499.0,5967.0,2324.0
70308.0,129886.0,49806.0,2211.0,194133.0,6061.0,2415.0
69774.0,131066.0,49160.0,2213.0,194726.0,6114.0,2299.0
69499.0,131979.0,48522.0,2219.0,195327.0,6151.0,2267.0
68991.0,132997.0,48012.0,2226.0,195778.0,6210.0,2251.0
68903.0,133491.0,47606.0,2233.0,196171.0,6223.0,2193.0
68799.0,133780.0,47421.0,2236.0,196415.0,6164.0,2225.0
68588.0,133953.0,47459.0,2240.0,196290.0,6251.0,2220.0
68686.0,133975.0,47339.0,2250.0,196384.0,6277.0,2162.0
68949.0,133454.0,47597.0,2255.0,196106.0,6297.0,2156.0
69074.0,133166.0,47760.0,2269.0,195923.0,6317.0,2172.0
69259.0,132696.0,48045.0,2273.0,195648.0,6307.0,2285.0
69419.0,131941.0,48640.0,2281.0,195026.0,6334.0,2142.0
69779.0,131105.0,49116.0,2289.0,194528.0,6356.0,2214.0
70063.0,130104.0,49833.0,2296.0,193775.0,6392.0,2261.0
70354.0,129108.0,50538.0,2305.0,193059.0,6403.0,2277.0
70987.0,127811.0,51202.0,2312.0,192426.0,6372.0,2271.0
71478.0,126756.0,51766.0,2324.0,191817.0,6417.0,2261.0
72060.0,125639.0,52301.0,2333.0,191319.0,6380.0,2319.0
72732.0,124370.0,52898.0,2342.0,190653.0,6449.0,2433.0
73504.0,123354.0,53142.0,2350.0,190480.0,6378.0,2420.0
74333.0,122504.0,53163.0,2357.0,190465.0,6372.0,2483.0
75379.0,121606.0,53015.0,2370.0,190562.0,6423.0,2530.0
76073.0,121248.0,52679.0,2380.0,190888.0,6433.0,2461.0
76812.0,120756.0,52432.0,2389.0,191020.0,6548.0,2424.0
77506.0,120754.0,51740.0,2397.0,191832.0,6428.0,2402.0
77898.0,121032.0,51070.0,2406.0,192358.0,6572.0,2422.0
78206.0,121155.0,50639.0,2417.0,192929.0,6432.0,2462.0
78479.0,121574.0,49947.0,2424.0,193435.0,6618.0,2494.0
78559.0,122344.0,49097.0,2430.0,194319.0,6584.0,2534.0
78325.0,123069.0,48606.0,2434.0,194734.0,6660.0,2526.0
78183.0,123889.0,47928.0,2442.0,195468.0,6604.0,2474.0
77537.0,124936.0,47527.0,2448.0,195815.0,6658.0,2494.0
77101.0,125841.0,47058.0,2461.0,196322.0,6620.0,2453.0
76578.0,126751.0,46671.0,2467.0,196600.0,6729.0,2394.0
75861.0,127667.0,46472.0,2477.0,196835.0,6693.0,2377.0
75198.0,128588.0,46214.0,2486.0,197012.0,6774.0,2403.0
74743.0,129297.0,45960.0,2494.0,197343.0,6697.0,2286.0
73974.0,130013.0,46013.0,2499.0,197288.0,6699.0,2306.0
73361.0,130681.0,45958.0,2506.0,197311.0,6731.0,2284.0
72880.0,131072.0,46048.0,2513.0,197295.0,6657.0,2232.0
72195.0,131616.0,46189.0,2518.0,197146.0,6665.0,2262.0
71815.0,132010.0,46175.0,2525.0,197216.0,6609.0,2210.0
71419.0,132165.0,46416.0,2530.0,196967.0,6617.0,2221.0
70872.0,132360.0,46768.0,2535.0,196580.0,6652.0,2150.0
70514.0,132477.0,47009.0,2542.0,196369.0,6622.0,2121.0
70413.0,132290.0,47297.0,2548.0,196042.0,6661.0,2161.0
70110.0,132207.0,47683.0,2551.0,195767.0,6550.0,2157.0
70082.0,131879.0,48039.0,2557.0,195392.0,6569.0,2222.0
70205.0,131355.0,48440.0,2569.0,195011.0,6549.0,2246.0
70127.0,130819.0,49054.0,2575.0,194393.0,6553.0,2252.0
70092.0,130330.0,49578.0,2587.0,193923.0,6499.0,2284.0
70115.0,129769.0,50116.0,2592.0,193413.0,6471.0,2246.0
70024.0,129475.0,50501.0,2600.0,192998.0,6501.0,2234.0
69872.0,129240.0,50888.0,2610.0,192675.0,6437.0,2228.0
69618.0,129066.0,51316.0,2617.0,192249.0,6435.0,2300.0
69216.0,129310.0,51474.0,2626.0,192103.0,6423.0,2403.0
68687.0,129554.0,51759.0,2633.0,191805.0,6436.0,2312.0
68004.0,129821.0,52175.0,2645.0,191491.0,6334.0,2390.0
67501.0,130227.0,52272.0,2649.0,191326.0,6402.0,2370.0
67212.0,130615.0,52173.0,2654.0,191435.0,6392.0,2378.0
66820.0,130854.0,52326.0,2666.0,191234.0,6440.0,2439.0
66410.0,131436.0,52154.0,2682.0,191449.0,6397.0,2441.0
66054.0,131937.0,52009.0,2691.0,191655.0,6336.0,2476.0
65793.0,132304.0,51903.0,2697.0,191749.0,6348.0,2462.0
65583.0,132610.0,51807.0,2708.0,191749.0,6444.0,2418.0
65273.0,133063.0,51664.0,2716.0,191940.0,6396.0,2459.0
65188.0,133213.0,51599.0,2724.0,191962.0,6439.0,2417.0
65245.0,133431.0,51324.0,2733.0,192242.0,6434.0,2433.0
64975.0,133961.0,51064.0,2740.0,192441.0,6495.0,2451.0
64563.0,134354.0,51083.0,2746.0,192499.0,6418.0,2399.0
64305.0,134579.0,51116.0,2751.0,192389.0,6495.0,2378.0
63983.0,134778.0,51239.0,2764.0,192246.0,6515.0,2461.0
63656.0,134783.0,51561.0,2773.0,191905.0,6534.0,2443.0
63439.0,134687.0,51874.0,2788.0,191613.0,6513.0,2431.0
63282.0,134419.0,52299.0,2796.0,191153.0,6548.0,2428.0
63319.0,133780.0,52901.0,2803.0,190557.0,6542.0,2442.0
63395.0,133225.0,53380.0,2813.0,190026.0,6594.0,2408.0
63403.0,132603.0,53994.0,2817.0,189472.0,6534.0,2432.0
63732.0,131841.0,54427.0,2832.0,189003.0,6570.0,2517.0
64142.0,131139.0,54719.0,2838.0,188604.0,6677.0,2567.0
64504.0,130507.0,54989.0,2842.0,188343.0,6668.0,2544.0
65081.0,129785.0,55134.0,2845.0,188148.0,6718.0,2502.0
65759.0,129079.0,55162.0,2855.0,188174.0,6664.0,2494.0
66135.0,128611.0,55254.0,2864.0,188018.0,6728.0,2468.0
66761.0,128240.0,54999.0,2879.0,188323.0,6678.0,2533.0
67196.0,127978.0,54826.0,2888.0,188391.0,6783.0,2544.0
67582.0,127992.0,54426.0,2899.0,188829.0,6745.0,2545.0
68025.0,128049.0,53926.0,2909.0,189260.0,6814.0,2521.0
68118.0,128112.0,53770.0,2916.0,189483.0,6747.0,2580.0
68183.0,128111.0,53706.0,2929.0,189441.0,6853.0,2574.0
68299.0,128218.0,53483.0,2941.0,189696.0,6821.0,2639.0
68237.0,128472.0,53291.0,2951.0,189835.0,6874.0,2674.0
67953.0,128806.0,53241.0,2958.0,189783.0,6976.0,2669.0
67950.0,128960.0,53090.0,2967.0,189899.0,7011.0,2620.0
67756.0,129423.0,52821.0,2970.0,190164.0,7015.0,2646.0
67566.0,129888.0,52546.0,2985.0,190433.0,7021.0,2686.0
67365.0,130372.0,52263.0,2991.0,190654.0,7083.0,2685.0
67068.0,130815.0,52117.0,2999.0,190741.0,7142.0,2699.0
66959.0,131247.0,51794.0,3016.0,191069.0,7137.0,2752.0
67069.0,131604.0,51327.0,3026.0,191412.0,7261.0,2785.0
66915.0,131851.0,51234.0,3037.0,191534.0,7232.0,2688.0
66980.0,131998.0,51022.0,3042.0,191732.0,7246.0,2742.0
67314.0,131906.0,50780.0,3052.0,191848.0,7372.0,2852.0
67477.0,131700.0,50823.0,3064.0,191771.0,7406.0,2828.0
67843.0,131421.0,50736.0,3074.0,191826.0,7438.0,2818.0
68249.0,130858.0,50893.0,3083.0,191631.0,7476.0,2793.0
68645.0,130239.0,51116.0,3091.0,191367.0,7517.0,2875.0
69395.0,129530.0,51075.0,3102.0,191383.0,7542.0,2876.0
70102.0,128675.0,51223.0,3112.0,191211.0,7566.0,2836.0
70810.0,127965.0,51225.0,3125.0,191233.0,7542.0,2868.0
71420.0,127064.0,51516.0,3131.0,190872.0,7612.0,2810.0
72006.0,126205.0,51789.0,3140.0,190653.0,7558.0,2770.0
72709.0,125327.0,51964.0,3152.0,190390.0,7646.0,2853.0
73444.0,124597.0,51959.0,3164.0,190384.0,7657.0,2892.0
74051.0,123857.0,52092.0,3173.0,190243.0,7665.0,2913.0
74827.0,123153.0,52020.0,3181.0,190316.0,7664.0,2973.0
75387.0,122476.0,52137.0,3189.0,190088.0,7775.0,2873.0
75843.0,121914.0,52243.0,3196.0,189997.0,7760.0,3004.0
76199.0,121523.0,52278.0,3202.0,189908.0,7814.0,3009.0
76739.0,121433.0,51828.0,3212.0,190305.0,7867.0,3080.0
77342.0,121139.0,51519.0,3220.0,190708.0,7773.0,3217.0
77777.0,121246.0,50977.0,3225.0,191083.0,7940.0,3187.0
77875.0,121709.0,50416.0,3237.0,191683.0,7901.0,3173.0
77945.0,122209.0,49846.0,3246.0,192198.0,7956.0,3249.0
77942.0,122888.0,49170.0,3257.0,192795.0,8035.0,3207.0
77779.0,123813.0,48408.0,3263.0,193556.0,8036.0,3163.0
77470.0,124636.0,47894.0,3273.0,194099.0,8007.0,3088.0
77237.0,125589.0,47174.0,3284.0,194807.0,8019.0,3105.0
76898.0,126459.0,46643.0,3292.0,195309.0,8048.0,3009.0
76174.0,127491.0,46335.0,3301.0,195592.0,8073.0,3038.0
75610.0,128526.0,45864.0,3312.0,196077.0,8059.0,2980.0
74899.0,129519.0,45582.0,3319.0,196353.0,8065.0,3008.0
74217.0,130229.0,45554.0,3326.0,196339.0,8107.0,3010.0
73413.0,131039.0,45548.0,3333.0,196339.0,8113.0,3001.0
72652.0,131546.0,45802.0,3337.0,196046.0,8152.0,2978.0
72215.0,131919.0,45866.0,3345.0,196042.0,8092.0,2984.0
71673.0,132239.0,46088.0,3356.0,195812.0,8100.0,2964.0
71235.0,132414.0,46351.0,3365.0,195633.0,8016.0,2905.0
70956.0,132411.0,46633.0,3372.0,195330.0,8037.0,2964.0
70662.0,132238.0,47100.0,3383.0,194851.0,8049.0,2830.0
70465.0,132224.0,47311.0,3395.0,194546.0,8143.0,2933.0
70161.0,132032.0,47807.0,3402.0,194075.0,8118.0,2879.0
70213.0,131677.0,48110.0,3414.0,193781.0,8109.0,2898.0
70433.0,131112.0,48455.0,3418.0,193456.0,8089.0,2811.0
70609.0,130442.0,48949.0,3431.0,193043.0,8008.0,2928.0
70629.0,129810.0,49561.0,3440.0,192445.0,7994.0,2899.0
70819.0,129150.0,50031.0,3452.0,191986.0,7983.0,2956.0
71069.0,128608.0,50323.0,3469.0,191736.0,7941.0,2971.0
71306.0,128082.0,50612.0,3477.0,191342.0,8046.0,2896.0
71536.0,127258.0,51206.0,3485.0,190872.0,7922.0,2944.0
71911.0,126726.0,51363.0,3490.0,190717.0,7920.0,2948.0
72270.0,126073.0,51657.0,3502.0,190389.0,7954.0,2971.0
72123.0,126036.0,51841.0,3515.0,190176.0,7983.0,3078.0
72021.0,126146.0,51833.0,3525.0,190242.0,7925.0,3113.0
72011.0,126369.0,51620.0,3538.0,190424.0,7956.0,3167.0
71588.0,126917.0,51495.0,3547.0,190584.0,7921.0,3081.0
70932.0,127453.0,51615.0,3551.0,190515.0,7870.0,3114.0
70314.0,128221.0,51465.0,3561.0,190559.0,7976.0,3154.0
69716.0,129187.0,51097.0,3565.0,190943.0,7960.0,3165.0
69086.0,130131.0,50783.0,3574.0,191214.0,8003.0,3183.0
68216.0,131208.0,50576.0,3584.0,191486.0,7938.0,3128.0
67507.0,132113.0,50380.0,3594.0,191582.0,8038.0,3079.0
66999.0,132832.0,50169.0,3601.0,191936.0,7895.0,3043.0
66261.0,133865.0,49874.0,3611.0,192092.0,8034.0,3075.0
65438.0,134932.0,49630.0,3616.0,192467.0,7903.0,2990.0
64930.0,135478.0,49592.0,3624.0,192467.0,7941.0,3047.0
64689.0,135871.0,49440.0,3630.0,192594.0,7966.0,3117.0
64162.0,136401.0,49437.0,3633.0,192580.0,7983.0,3107.0
63536.0,137009.0,49455.0,3641.0,192591.0,7954.0,3028.0
62949.0,137515.0,49536.0,3654.0,192504.0,7960.0,3042.0
62531.0,137737.0,49732.0,3659.0,192288.0,7980.0,2975.0
62060.0,137943.0,49997.0,3665.0,192088.0,7915.0,3006.0
61695.0,137708.0,50597.0,3674.0,191424.0,7979.0,2957.0
61420.0,137199.0,51381.0,3677.0,190621.0,7998.0,2866.0
61424.0,136561.0,52015.0,3687.0,190053.0,7932.0,2819.0
61452.0,135681.0,52867.0,3698.0,189134.0,7999.0,2906.0
61503.0,134818.0,53679.0,3706.0,188288.0,8033.0,2941.0
61831.0,133698.0,54471.0,3716.0,187495.0,8034.0,3031.0
62292.0,132497.0,55211.0,3724.0,186772.0,8017.0,3066.0
62816.0,131291.0,55893.0,3740.0,186032.0,8075.0,3186.0
63476.0,130028.0,56496.0,3751.0,185487.0,8017.0,3214.0
64346.0,128852.0,56802.0,3758.0,185135.0,8063.0,3243.0
65214.0,127982.0,56804.0,3770.0,185144.0,8052.0,3257.0
66050.0,126989.0,56961.0,3784.0,184978.0,8061.0,3261.0
66808.0,126155.0,57037.0,3793.0,184893.0,8070.0,3315.0
67641.0,125678.0,56681.0,3808.0,185170.0,8149.0,3372.0
68447.0,125498.0,56055.0,3819.0,185770.0,8175.0,3369.0
68881.0,125301.0,55818.0,3830.0,185982.0,8200.0,3375.0
69268.0,125114.0,55618.0,3841.0,186275.0,8107.0,3379.0
69620.0,125047.0,55333.0,3850.0,186481.0,8186.0,3459.0
69870.0,125266.0,54864.0,3861.0,186903.0,8233.0,3524.0
69726.0,125664.0,54610.0,3872.0,187051.0,8339.0,3427.0
69795.0,126164.0,54041.0,3881.0,187673.0,8286.0,3447.0
69731.0,126730.0,53539.0,3900.0,188066.0,8395.0,3483.0
69563.0,127463.0,52974.0,3919.0,188592.0,8434.0,3401.0
69198.0,128330.0,52472.0,3929.0,189065.0,8463.0,3422.0
68732.0,129188.0,52080.0,3938.0,189345.0,8575.0,3382.0
68523.0,129964.0,51513.0,3945.0,189890.0,8597.0,3528.0
68076.0,130788.0,51136.0,3951.0,190067.0,8797.0,3532.0
67721.0,131534.0,50745.0,3962.0,190508.0,8747.0,3547.0
67514.0,132167.0,50319.0,3968.0,190839.0,8842.0,3506.0
67595.0,132524.0,49881.0,3974.0,191295.0,8824.0,3520.0
67521.0,132973.0,49506.0,3981.0,191542.0,8952.0,3432.0
67477.0,133158.0,49365.0,3989.0,191777.0,8858.0,3381.0
67543.0,133039.0,49418.0,3997.0,191699.0,8883.0,3424.0
67860.0,132675.0,49465.0,4007.0,191652.0,8883.0,3493.0
68258.0,132235.0,49507.0,4015.0,191499.0,8994.0,3420.0
68551.0,131712.0,49737.0,4021.0,191331.0,8932.0,3440.0
69175.0,130843.0,49982.0,4029.0,191014.0,9004.0,3492.0
69792.0,130069.0,50139.0,4033.0,190909.0,8952.0,3529.0
70288.0,129263.0,50449.0,4046.0,190492.0,9059.0,3451.0
70755.0,128333.0,50912.0,4057.0,190034.0,9054.0,3552.0
71218.0,127398.0,51384.0,4066.0,189504.0,9112.0,3622.0
71921.0,126410.0,51669.0,4079.0,189203.0,9128.0,3652.0
72588.0,125348.0,52064.0,4092.0,188756.0,9180.0,3661.0
73187.0,124447.0,52366.0,4100.0,188449.0,9185.0,3745.0
74051.0,123412.0,52537.0,4106.0,188209.0,9254.0,3693.0
74698.0,122666.0,52636.0,4113.0,188131.0,9233.0,3657.0
75357.0,121940.0,52703.0,4126.0,188045.0,9252.0,3815.0
75845.0,121505.0,52650.0,4140.0,187991.0,9359.0,3836.0
76581.0,121046.0,52373.0,4148.0,188310.0,9317.0,3797.0
77153.0,121017.0,51830.0,4156.0,188778.0,9392.0,3937.0
77873.0,120780.0,51347.0,4166.0,189238.0,9415.0,3875.0
78171.0,121106.0,50723.0,4175.0,189797.0,9480.0,3959.0
78522.0,121479.0,49999.0,4187.0,190534.0,9467.0,3944.0
78545.0,122243.0,49212.0,4202.0,191239.0,9549.0,4013.0
78301.0,123243.0,48456.0,4216.0,192072.0,9472.0,3953.0
77892.0,124075.0,48033.0,4222.0,192464.0,9503.0,4051.0
77548.0,125156.0,47296.0,4231.0,193102.0,9602.0,4022.0
77099.0,126201.0,46700.0,4243.0,193728.0,9572.0,3972.0
76597.0,127141.0,46262.0,4252.0,194092.0,9646.0,3881.0
75970.0,127975.0,46055.0,4262.0,194238.0,9707.0,3869.0
75147.0,128939.0,45914.0,4271.0,194338.0,9748.0,3831.0
74463.0,129831.0,45706.0,4277.0,194579.0,9715.0,3785.0
73727.0,130736.0,45537.0,4285.0,194745.0,9718.0,3853.0
73001.0,131217.0,45782.0,4291.0,194441.0,9777.0,3679.0
72456.0,131795.0,45749.0,4300.0,194597.0,9654.0,3681.0
71882.0,132150.0,45968.0,4310.0,194263.0,9769.0,3697.0
71429.0,132453.0,46118.0,4323.0,194126.0,9756.0,3697.0
70873.0,132605.0,46522.0,4332.0,193707.0,9771.0,3638.0
70471.0,132799.0,46730.0,4335.0,193519.0,9751.0,3638.0
70136.0,132727.0,47137.0,4343.0,193162.0,9701.0,3550.0
69987.0,132682.0,47331.0,4355.0,193008.0,9661.0,3553.0
69935.0,132225.0,47840.0,4361.0,192522.0,9638.0,3596.0
69958.0,131853.0,48189.0,4368.0,192175.0,9636.0,3575.0
70068.0,131209.0,48723.0,4381.0,191680.0,9597.0,3645.0
70042.0,130475.0,49483.0,4385.0,190979.0,9538.0,3509.0
70145.0,129784.0,50071.0,4394.0,190480.0,9449.0,3529.0
70375.0,129100.0,50525.0,4408.0,190021.0,9454.0,3538.0
70642.0,128400.0,50958.0,4417.0,189652.0,9390.0,3562.0
70751.0,127927.0,51322.0,4427.0,189292.0,9386.0,3505.0
71217.0,127422.0,51361.0,4442.0,189248.0,9391.0,3589.0
71344.0,127040.0,51616.0,4444.0,189030.0,9354.0,3575.0
71324.0,126944.0,51732.0,4452.0,188961.0,9307.0,3567.0
71154.0,126950.0,51896.0,4462.0,188760.0,9344.0,3645.0
70943.0,127180.0,51877.0,4470.0,188816.0,9307.0,3640.0
70788.0,127457.0,51755.0,4478.0,188910.0,9335.0,3659.0
70470.0,127920.0,51610.0,4492.0,189014.0,9376.0,3731.0
69828.0,128622.0,51550.0,4503.0,189143.0,9307.0,3782.0
69211.0,129310.0,51479.0,4509.0,189132.0,9389.0,3736.0
68655.0,130012.0,51333.0,4519.0,189336.0,9331.0,3809.0
67893.0,131015.0,51092.0,4534.0,189482.0,9426.0,3736.0
67209.0,131958.0,50833.0,4543.0,189735.0,9432.0,3573.0
66636.0,132883.0,50481.0,4550.0,190164.0,9355.0,3609.0
66254.0,133613.0,50133.0,4562.0,190563.0,9304.0,3603.0
65858.0,134348.0,49794.0,4569.0,190813.0,9393.0,3612.0
65334.0,135024.0,49642.0,4578.0,190957.0,9401.0,3613.0
64758.0,135620.0,49622.0,4589.0,191014.0,9364.0,3734.0
64263.0,136118.0,49619.0,4604.0,190925.0,9456.0,3676.0
63788.0,136591.0,49621.0,4610.0,191007.0,9372.0,3739.0
63277.0,136802.0,49921.0,4618.0,190584.0,9495.0,3640.0
62883.0,137053.0,50064.0,4629.0,190509.0,9427.0,3589.0
62474.0,136975.0,50551.0,4639.0,189935.0,9514.0,3626.0
62402.0,136733.0,50865.0,4651.0,189563.0,9572.0,3662.0
62046.0,136374.0,51580.0,4661.0,188850.0,9570.0,3627.0
61830.0,135848.0,52322.0,4670.0,188171.0,9507.0,3632.0
61704.0,135196.0,53100.0,4681.0,187379.0,9521.0,3643.0
61923.0,134299.0,53778.0,4689.0,186742.0,9480.0,3584.0
62245.0,133172.0,54583.0,4701.0,185919.0,9498.0,3736.0
62596.0,132103.0,55301.0,4710.0,185137.0,9562.0,3833.0
63237.0,131035.0,55728.0,4722.0,184713.0,9559.0,3834.0
63878.0,129890.0,56232.0,4734.0,184251.0,9517.0,3980.0
64605.0,128822.0,56573.0,4745.0,183914.0,9513.0,3937.0
65085.0,128178.0,56737.0,4760.0,183769.0,9494.0,4064.0
65760.0,127462.0,56778.0,4773.0,183596.0,9626.0,4032.0
66665.0,126882.0,56453.0,4781.0,184037.0,9510.0,4097.0
67487.0,126230.0,56283.0,4793.0,184088.0,9629.0,4176.0
68168.0,125845.0,55987.0,4806.0,184372.0,9641.0,4281.0
68694.0,125662.0,55644.0,4816.0,184612.0,9744.0,4209.0
69187.0,125517.0,55296.0,4831.0,184969.0,9735.0,4234.0
69516.0,125616.0,54868.0,4843.0,185317.0,9815.0,4262.0
69612.0,125841.0,54547.0,4851.0,185572.0,9881.0,4249.0
69672.0,126183.0,54145.0,4858.0,185923.0,9932.0,4242.0
69779.0,126583.0,53638.0,4873.0,186420.0,9942.0,4275.0
69823.0,126919.0,53258.0,4884.0,186663.0,10079.0,4375.0
69709.0,127622.0,52669.0,4892.0,187203.0,10128.0,4261.0
69512.0,128309.0,52179.0,4900.0,187666.0,10155.0,4324.0
69212.0,129201.0,51587.0,4913.0,188100.0,10313.0,4314.0
68943.0,130030.0,51027.0,4928.0,188712.0,10261.0,4329.0
68593.0,130705.0,50702.0,4940.0,188954.0,10344.0,4322.0
68292.0,131379.0,50329.0,4951.0,189309.0,10362.0,4261.0
68243.0,131763.0,49994.0,4960.0,189541.0,10465.0,4241.0
68115.0,132069.0,49816.0,4968.0,189714.0,10470.0,4325.0
67860.0,132045.0,50095.0,4979.0,189340.0,10565.0,4200.0
67951.0,132081.0,49968.0,4987.0,189433.0,10599.0,4158.0
68087.0,132065.0,49848.0,4998.0,189449.0,10703.0,4168.0
68440.0,131891.0,49669.0,5008.0,189680.0,10651.0,4165.0
68642.0,131575.0,49783.0,5012.0,189361.0,10856.0,4187.0
69082.0,131065.0,49853.0,5022.0,189380.0,10767.0,4200.0
69611.0,130397.0,49992.0,5028.0,189223.0,10785.0,4227.0
69996.0,129581.0,50423.0,5040.0,188865.0,10712.0,4224.0
70379.0,128758.0,50863.0,5051.0,188373.0,10764.0,4229.0
70806.0,127882.0,51312.0,5054.0,187903.0,10785.0,4340.0
71535.0,126840.0,51625.0,5059.0,187490.0,10885.0,4320.0
72044.0,126045.0,51911.0,5071.0,187240.0,10849.0,4396.0
72677.0,125110.0,52213.0,5076.0,186934.0,10853.0,4385.0
73141.0,124323.0,52536.0,5084.0,186554.0,10910.0,4468.0
73988.0,123401.0,52611.0,5092.0,186573.0,10816.0,4407.0
74564.0,122792.0,52644.0,5102.0,186391.0,10965.0,4458.0
75230.0,122148.0,52622.0,5118.0,186439.0,10939.0,4473.0
75903.0,121588.0,52509.0,5130.0,186497.0,10994.0,4433.0
76400.0,121415.0,52185.0,5139.0,186854.0,10961.0,4522.0
76829.0,121319.0,51852.0,5151.0,187143.0,11005.0,4569.0
77157.0,121467.0,51376.0,5165.0,187584.0,11040.0,4623.0
77452.0,121751.0,50797.0,5174.0,188222.0,10981.0,4535.0
77552.0,122249.0,50199.0,5180.0,188937.0,10864.0,4565.0
77776.0,122833.0,49391.0,5190.0,189684.0,10925.0,4613.0
77773.0,123613.0,48614.0,5198.0,190346.0,11040.0,4595.0
77578.0,124451.0,47971.0,5210.0,191040.0,10989.0,4554.0
77371.0,125300.0,47329.0,5215.0,191644.0,11027.0,4464.0
76980.0,126179.0,46841.0,5222.0,192104.0,11055.0,4466.0
76396.0,127085.0,46519.0,5230.0,192402.0,11079.0,4384.0
75834.0,127879.0,46287.0,5244.0,192660.0,11053.0,4328.0
75077.0,128882.0,46041.0,5253.0,192860.0,11099.0,4408.0
74441.0,129578.0,45981.0,5264.0,192828.0,11191.0,4312.0
73801.0,130134.0,46065.0,5274.0,192818.0,11117.0,4419.0
73071.0,130798.0,46131.0,5282.0,192821.0,11048.0,4307.0
72400.0,131542.0,46058.0,5290.0,192751.0,11191.0,4245.0
71905.0,131775.0,46320.0,5297.0,192644.0,11036.0,4237.0
71560.0,132015.0,46425.0,5305.0,192462.0,11113.0,4188.0
71187.0,132216.0,46597.0,5315.0,192354.0,11049.0,4248.0
70757.0,132299.0,46944.0,5320.0,192023.0,11033.0,4133.0
70536.0,132263.0,47201.0,5328.0,191761.0,11038.0,4189.0
70386.0,131938.0,47676.0,5337.0,191351.0,10973.0,4230.0
70311.0,131684.0,48005.0,5346.0,191062.0,10933.0,4262.0
70341.0,131179.0,48480.0,5351.0,190583.0,10937.0,4176.0
70327.0,130829.0,48844.0,5360.0,190221.0,10935.0,4162.0
70381.0,130313.0,49306.0,5370.0,189839.0,10855.0,4116.0
70664.0,129672.0,49664.0,5377.0,189569.0,10767.0,4254.0
70843.0,129291.0,49866.0,5391.0,189221.0,10913.0,4256.0
70988.0,128860.0,50152.0,5399.0,189005.0,10843.0,4157.0
71049.0,128339.0,50612.0,5404.0,188516.0,10872.0,4214.0
71138.0,128088.0,50774.0,5414.0,188474.0,10752.0,4215.0
70993.0,127918.0,51089.0,5427.0,188088.0,10823.0,4131.0
70813.0,128039.0,51148.0,5432.0,188148.0,10704.0,4288.0
70321.0,128331.0,51348.0,5443.0,187786.0,10866.0,4377.0
69962.0,128477.0,51561.0,5451.0,187706.0,10733.0,4417.0
69485.0,128776.0,51739.0,5464.0,187475.0,10786.0,4434.0
68788.0,129489.0,51723.0,5473.0,187471.0,10806.0,4363.0
68250.0,130319.0,51431.0,5480.0,187728.0,10841.0,4386.0
67736.0,131038.0,51226.0,5493.0,187979.0,10795.0,4451.0
67325.0,131525.0,51150.0,5499.0,188034.0,10816.0,4386.0
66780.0,132263.0,50957.0,5512.0,188259.0,10784.0,4357.0
66473.0,132899.0,50628.0,5521.0,188611.0,10761.0,4375.0
66111.0,133554.0,50335.0,5530.0,188881.0,10784.0,4383.0
65725.0,133953.0,50322.0,5536.0,188993.0,10685.0,4366.0
65240.0,134422.0,50338.0,5548.0,189013.0,10649.0,4435.0
64960.0,134841.0,50199.0,5560.0,189059.0,10742.0,4430.0
64682.0,135327.0,49991.0,5567.0,189341.0,10668.0,4344.0
64067.0,135772.0,50161.0,5573.0,189057.0,10782.0,4281.0
63640.0,136036.0,50324.0,5579.0,188887.0,10789.0,4263.0
63282.0,136219.0,50499.0,5589.0,188745.0,10756.0,4314.0
62939.0,136202.0,50859.0,5592.0,188313.0,10828.0,4250.0
62602.0,136042.0,51356.0,5598.0,187796.0,10848.0,4261.0
62227.0,135691.0,52082.0,5607.0,187139.0,10779.0,4228.0
62325.0,134884.0,52791.0,5615.0,186380.0,10829.0,4324.0
62563.0,134100.0,53337.0,5630.0,185944.0,10719.0,4291.0
62490.0,133398.0,54112.0,5644.0,185088.0,10800.0,4298.0
62577.0,132439.0,54984.0,5655.0,184326.0,10690.0,4370.0
63070.0,131310.0,55620.0,5659.0,183700.0,10680.0,4429.0
63683.0,130380.0,55937.0,5670.0,183260.0,10803.0,4458.0
64177.0,129639.0,56184.0,5672.0,183049.0,10767.0,4472.0
64861.0,128758.0,56381.0,5683.0,182840.0,10779.0,4480.0
65454.0,128090.0,56456.0,5689.0,182693.0,10851.0,4630.0
66262.0,127343.0,56395.0,5697.0,182686.0,10919.0,4632.0
67003.0,127085.0,55912.0,5712.0,183141.0,10947.0,4688.0
67400.0,126845.0,55755.0,5718.0,183292.0,10953.0,4764.0
67997.0,126487.0,55516.0,5732.0,183469.0,11015.0,4828.0
68650.0,126272.0,55078.0,5739.0,183763.0,11159.0,4790.0
69029.0,126155.0,54816.0,5744.0,184083.0,11101.0,4936.0
69189.0,126347.0,54464.0,5756.0,184227.0,11309.0,4947.0
69333.0,126507.0,54160.0,5765.0,184466.0,11374.0,5029.0
69410.0,126832.0,53758.0,5776.0,184835.0,11407.0,4922.0
69361.0,127088.0,53551.0,5784.0,185018.0,11431.0,4981.0
69404.0,127517.0,53079.0,5796.0,185429.0,11492.0,4895.0
69240.0,128362.0,52398.0,5813.0,186229.0,11373.0,5046.0
69117.0,128993.0,51890.0,5819.0,186449.0,11661.0,5040.0
68830.0,129494.0,51676.0,5825.0,186755.0,11569.0,5034.0
68368.0,130186.0,51446.0,5833.0,186911.0,11643.0,4955.0
68082.0,130916.0,51002.0,5843.0,187410.0,11588.0,4939.0
67899.0,131433.0,50668.0,5849.0,187565.0,11767.0,4899.0
67809.0,131717.0,50474.0,5860.0,187804.0,11722.0,4787.0
67780.0,132005.0,50215.0,5871.0,188016.0,11769.0,4733.0
68035.0,131968.0,49997.0,5877.0,188167.0,11836.0,4801.0
68157.0,132117.0,49726.0,5887.0,188451.0,11823.0,4774.0
68327.0,131931.0,49742.0,5893.0,188331.0,11927.0,4831.0
68630.0,131486.0,49884.0,5900.0,188202.0,11914.0,4739.0
69123.0,131022.0,49855.0,5906.0,188170.0,11975.0,4803.0
69764.0,130395.0,49841.0,5913.0,188135.0,12024.0,4915.0
70361.0,129684.0,49955.0,5927.0,188040.0,12005.0,4819.0
70772.0,128873.0,50355.0,5937.0,187565.0,12080.0,4899.0
71186.0,128083.0,50731.0,5943.0,187250.0,12019.0,4884.0
71708.0,127298.0,50994.0,5953.0,186959.0,12047.0,4856.0
72213.0,126602.0,51185.0,5961.0,186804.0,12011.0,4840.0
72667.0,125795.0,51538.0,5972.0,186399.0,12063.0,4906.0
72991.0,124979.0,52030.0,5981.0,185891.0,12079.0,4925.0
73419.0,124319.0,52262.0,5991.0,185612.0,12126.0,4891.0
73974.0,123658.0,52368.0,5997.0,185565.0,12067.0,5049.0
74518.0,122913.0,52569.0,6007.0,185201.0,12230.0,5102.0
75004.0,122414.0,52582.0,6014.0,185282.0,12136.0,5140.0
75634.0,122014.0,52352.0,6022.0,185502.0,12146.0,5106.0
76296.0,121851.0,51853.0,6028.0,185953.0,12194.0,5139.0
76835.0,121824.0,51341.0,6037.0,186522.0,12137.0,5201.0
77144.0,122169.0,50687.0,6049.0,187139.0,12174.0,5101.0
77352.0,122327.0,50321.0,6059.0,187524.0,12155.0,5110.0
77429.0,122777.0,49794.0,6067.0,188079.0,12127.0,5193.0
77356.0,123369.0,49275.0,6073.0,188549.0,12176.0,5183.0
77218.0,124222.0,48560.0,6080.0,189189.0,12251.0,5215.0
76919.0,125129.0,47952.0,6085.0,189794.0,12254.0,5172.0
76636.0,125976.0,47388.0,6091.0,190358.0,12254.0,5051.0
76076.0,126879.0,47045.0,6102.0,190728.0,12227.0,5114.0
75484.0,127917.0,46599.0,6118.0,191042.0,12359.0,5049.0
74901.0,128736.0,46363.0,6125.0,191405.0,12232.0,5072.0
74267.0,129372.0,46361.0,6133.0,191353.0,12286.0,5084.0
73740.0,129892.0,46368.0,6140.0,191330.0,12302.0,5018.0
73210.0,130345.0,46445.0,6150.0,191415.0,12140.0,5061.0
72883.0,130737.0,46380.0,6161.0,191363.0,12257.0,4986.0
72381.0,131142.0,46477.0,6175.0,191470.0,12053.0,5005.0
71886.0,131285.0,46829.0,6184.0,190961.0,12210.0,4945.0
71576.0,131439.0,46985.0,6193.0,190842.0,12173.0,4905.0
71250.0,131596.0,47154.0,6204.0,190678.0,12168.0,4893.0
70950.0,131679.0,47371.0,6213.0,190420.0,12209.0,4953.0
70790.0,131637.0,47573.0,6226.0,190293.0,12134.0,4891.0
70715.0,131355.0,47930.0,6234.0,189925.0,12145.0,4857.0
70701.0,131068.0,48231.0,6238.0,189665.0,12104.0,4875.0
70687.0,130695.0,48618.0,6241.0,189417.0,11965.0,4914.0
70712.0,130377.0,48911.0,6256.0,189050.0,12039.0,4847.0
70813.0,129874.0,49313.0,6265.0,188737.0,11950.0,4802.0
71126.0,129242.0,49632.0,6274.0,188336.0,12032.0,4852.0
71257.0,128855.0,49888.0,6287.0,188232.0,11880.0,4859.0
71432.0,128348.0,50220.0,6298.0,187789.0,11991.0,4887.0
71477.0,127869.0,50654.0,6308.0,187548.0,11798.0,4899.0
71472.0,127670.0,50858.0,6319.0,187251.0,11891.0,4920.0
71421.0,127718.0,50861.0,6329.0,187196.0,11943.0,4845.0
71087.0,127844.0,51069.0,6338.0,187023.0,11908.0,4932.0
70768.0,128089.0,51143.0,6350.0,186939.0,11918.0,4896.0
70289.0,128580.0,51131.0,6359.0,186949.0,11920.0,4856.0
69782.0,129050.0,51168.0,6371.0,186998.0,11834.0,4858.0
69256.0,129847.0,50897.0,6385.0,187177.0,11926.0,4984.0
68429.0,130648.0,50923.0,6392.0,187291.0,11786.0,5043.0
67672.0,131413.0,50915.0,6400.0,187214.0,11871.0,5012.0
67201.0,132048.0,50751.0,6413.0,187476.0,11773.0,4877.0
66690.0,132764.0,50546.0,6424.0,187628.0,11826.0,4890.0
66060.0,133623.0,50317.0,6434.0,187909.0,11774.0,4795.0
65665.0,134131.0,50204.0,6447.0,187965.0,11831.0,4919.0
65187.0,134611.0,50202.0,6456.0,187986.0,11812.0,4802.0
65008.0,134965.0,50027.0,6468.0,188205.0,11768.0,4768.0
64577.0,135423.0,50000.0,6477.0,188250.0,11750.0,4781.0
64183.0,136101.0,49716.0,6486.0,188499.0,11785.0,4818.0
63959.0,136228.0,49813.0,6498.0,188466.0,11721.0,4859.0
63748.0,136330.0,49922.0,6510.0,188250.0,11828.0,4853.0
63381.0,136411.0,50208.0,6517.0,188131.0,11661.0,4858.0
62934.0,136321.0,50745.0,6528.0,187328.0,11927.0,4940.0
62678.0,135993.0,51329.0,6541.0,186832.0,11839.0,4848.0
62603.0,135458.0,51939.0,6551.0,186104.0,11957.0,4809.0
62739.0,134728.0,52533.0,6562.0,185655.0,11812.0,4899.0
62738.0,134126.0,53136.0,6568.0,185011.0,11853.0,5031.0
62893.0,133221.0,53886.0,6578.0,184258.0,11856.0,4999.0
62908.0,132352.0,54740.0,6586.0,183317.0,11943.0,4976.0
63176.0,131304.0,55520.0,6592.0,182581.0,11899.0,5012.0
63776.0,130349.0,55875.0,6599.0,182108.0,12017.0,4943.0
64391.0,129494.0,56115.0,6609.0,182021.0,11864.0,4961.0
65125.0,128543.0,56332.0,6628.0,181723.0,11945.0,4995.0
66032.0,127643.0,56325.0,6635.0,181703.0,11972.0,4987.0
66751.0,127161.0,56088.0,6649.0,181955.0,11957.0,5046.0
67386.0,126827.0,55787.0,6661.0,182244.0,11969.0,5125.0
67827.0,126666.0,55507.0,6670.0,182327.0,12166.0,5122.0
68364.0,126367.0,55269.0,6681.0,182611.0,12120.0,5224.0
68922.0,126002.0,55076.0,6697.0,182740.0,12184.0,5209.0
69336.0,126037.0,54627.0,6710.0,183122.0,12251.0,5345.0
69531.0,126433.0,54036.0,6718.0,183726.0,12238.0,5301.0
69579.0,126691.0,53730.0,6729.0,183821.0,12449.0,5380.0
69627.0,126963.0,53410.0,6738.0,184097.0,12493.0,5479.0
69366.0,127587.0,53047.0,6752.0,184365.0,12588.0,5435.0
69178.0,128240.0,52582.0,6760.0,184897.0,12521.0,5371.0
68909.0,129022.0,52069.0,6778.0,185229.0,12702.0,5445.0
68674.0,129461.0,51865.0,6792.0,185464.0,12671.0,5380.0
68388.0,130125.0,51487.0,6808.0,185662.0,12851.0,5318.0
68129.0,130678.0,51193.0,6823.0,186016.0,12791.0,5384.0
67802.0,131239.0,50959.0,6832.0,186188.0,12853.0,5387.0
67544.0,131797.0,50659.0,6839.0,186435.0,12906.0,5356.0
67476.0,132150.0,50374.0,6846.0,186734.0,12892.0,5442.0
67387.0,132438.0,50175.0,6850.0,186851.0,12974.0,5452.0
67612.0,132452.0,49936.0,6863.0,187102.0,12962.0,5302.0
67820.0,132357.0,49823.0,6876.0,187213.0,12964.0,5245.0
68018.0,131938.0,50044.0,6891.0,186905.0,13051.0,5167.0
68387.0,131350.0,50263.0,6903.0,186733.0,13004.0,5292.0
68788.0,130849.0,50363.0,6909.0,186495.0,13142.0,5275.0
69416.0,130369.0,50215.0,6917.0,186640.0,13145.0,5227.0
69927.0,129739.0,50334.0,6931.0,186404.0,13262.0,5260.0
70334.0,128913.0,50753.0,6940.0,186049.0,13198.0,5255.0
70773.0,128120.0,51107.0,6948.0,185804.0,13089.0,5243.0
71374.0,127246.0,51380.0,6966.0,185456.0,13164.0,5263.0
71884.0,126309.0,51807.0,6980.0,185040.0,13153.0,5214.0
72641.0,125456.0,51903.0,6987.0,185062.0,13035.0,5316.0
73295.0,124501.0,52204.0,6997.0,184617.0,13179.0,5349.0
74090.0,123721.0,52189.0,7011.0,184723.0,13088.0,5421.0
74780.0,122954.0,52266.0,7024.0,184521.0,13213.0,5453.0
75275.0,122346.0,52379.0,7034.0,184419.0,13202.0,5510.0
75821.0,121813.0,52366.0,7046.0,184388.0,13246.0,5709.0
76374.0,121365.0,52261.0,7049.0,184470.0,13269.0,5810.0
76751.0,121249.0,52000.0,7056.0,184613.0,13387.0,5748.0
77056.0,121326.0,51618.0,7071.0,184999.0,13383.0,5667.0
77562.0,121625.0,50813.0,7083.0,185839.0,13348.0,5740.0
77680.0,122264.0,50056.0,7099.0,186558.0,13386.0,5783.0
77767.0,122971.0,49262.0,7106.0,187385.0,13353.0,5755.0
77580.0,123866.0,48554.0,7116.0,188104.0,13342.0,5740.0
77391.0,124731.0,47878.0,7123.0,188746.0,13376.0,5690.0
77177.0,125538.0,47285.0,7134.0,189299.0,13416.0,5663.0
76776.0,126389.0,46835.0,7145.0,189778.0,13387.0,5632.0
76185.0,127233.0,46582.0,7156.0,189949.0,13469.0,5509.0
75714.0,128010.0,46276.0,7166.0,190314.0,13410.0,5539.0
75104.0,128762.0,46134.0,7177.0,190407.0,13459.0,5527.0
74130.0,129681.0,46189.0,7187.0,190281.0,13530.0,5463.0
73512.0,130379.0,46109.0,7199.0,190490.0,13401.0,5250.0
73029.0,131068.0,45903.0,7211.0,190674.0,13423.0,5229.0
72519.0,131554.0,45927.0,7217.0,190565.0,13508.0,5145.0
71905.0,132009.0,46086.0,7229.0,190439.0,13475.0,5210.0
71533.0,132192.0,46275.0,7240.0,190164.0,13561.0,5138.0
71065.0,132368.0,46567.0,7251.0,189996.0,13437.0,5145.0
70796.0,132336.0,46868.0,7257.0,189598.0,13534.0,5208.0
70480.0,132400.0,47120.0,7268.0,189428.0,13452.0,5167.0
70289.0,132169.0,47542.0,7282.0,189071.0,13387.0,5236.0
70399.0,131784.0,47817.0,7286.0,188770.0,13413.0,5085.0
70432.0,131250.0,48318.0,7295.0,188346.0,13336.0,5222.0
70321.0,130932.0,48747.0,7300.0,187887.0,13366.0,5182.0
70432.0,130311.0,49257.0,7308.0,187507.0,13236.0,5100.0
70639.0,129668.0,49693.0,7323.0,187153.0,13154.0,5182.0
70835.0,129082.0,50083.0,7327.0,186663.0,13254.0,5088.0
71127.0,128411.0,50462.0,7335.0,186470.0,13068.0,5179.0
71252.0,127941.0,50807.0,7349.0,186062.0,13131.0,5170.0
71226.0,127712.0,51062.0,7359.0,185941.0,12997.0,5192.0
71190.0,127570.0,51240.0,7370.0,185655.0,13105.0,5278.0
71163.0,127263.0,51574.0,7378.0,185449.0,12977.0,5303.0
71026.0,127352.0,51622.0,7389.0,185372.0,13006.0,5329.0
70524.0,127697.0,51779.0,7405.0,185338.0,12883.0,5369.0
70108.0,128183.0,51709.0,7418.0,185455.0,12836.0,5301.0
69727.0,128690.0,51583.0,7431.0,185616.0,12801.0,5337.0
69198.0,129345.0,51457.0,7440.0,185607.0,12936.0,5393.0
68609.0,129982.0,51409.0,7449.0,185810.0,12781.0,5369.0
68012.0,130878.0,51110.0,7459.0,186034.0,12856.0,5354.0
67499.0,131475.0,51026.0,7471.0,186248.0,12726.0,5316.0
66878.0,132180.0,50942.0,7488.0,186206.0,12852.0,5308.0
66321.0,133088.0,50591.0,7495.0,186753.0,12656.0,5286.0
65725.0,133750.0,50525.0,7507.0,186749.0,12726.0,5348.0
65544.0,134057.0,50399.0,7517.0,186777.0,12824.0,5440.0
65186.0,134604.0,50210.0,7530.0,187050.0,12740.0,5475.0
64843.0,135252.0,49905.0,7537.0,187302.0,12793.0,5479.0
64392.0,135785.0,49823.0,7546.0,187323.0,12854.0,5424.0
64050.0,136219.0,49731.0,7558.0,187413.0,12856.0,5400.0
63580.0,136459.0,49961.0,7570.0,187159.0,12880.0,5343.0
63111.0,136478.0,50411.0,7583.0,186706.0,12883.0,5204.0
63106.0,136249.0,50645.0,7589.0,186468.0,12887.0,5225.0
62886.0,135982.0,51132.0,7597.0,185910.0,12958.0,5166.0
62774.0,135409.0,51817.0,7603.0,185375.0,12808.0,5228.0
62623.0,134778.0,52599.0,7612.0,184419.0,12982.0,5174.0
62732.0,134017.0,53251.0,7619.0,183805.0,12944.0,5225.0
62817.0,133320.0,53863.0,7624.0,183180.0,12957.0,5163.0
63253.0,132353.0,54394.0,7632.0,182708.0,12898.0,5098.0
63836.0,131413.0,54751.0,7641.0,182283.0,12966.0,5225.0
64295.0,130362.0,55343.0,7651.0,181698.0,12959.0,5287.0
65022.0,129394.0,55584.0,7664.0,181334.0,13082.0,5348.0
65559.0,128774.0,55667.0,7674.0,181449.0,12884.0,5437.0
66152.0,128043.0,55805.0,7688.0,181226.0,12969.0,5514.0
66816.0,127341.0,55843.0,7701.0,181224.0,12933.0,5578.0
67563.0,127014.0,55423.0,7713.0,181542.0,13035.0,5672.0
68146.0,126758.0,55096.0,7723.0,181757.0,13147.0,5644.0
68457.0,126493.0,55050.0,7726.0,181845.0,13105.0,5668.0
68669.0,126463.0,54868.0,7735.0,182081.0,13051.0,5710.0
68729.0,126695.0,54576.0,7744.0,182417.0,13007.0,5718.0
68969.0,126687.0,54344.0,7749.0,182585.0,13071.0,5696.0
68882.0,126931.0,54187.0,7756.0,182888.0,12925.0,5713.0
68848.0,127454.0,53698.0,7768.0,183218.0,13084.0,5744.0
68638.0,127850.0,53512.0,7781.0,183426.0,13062.0,5668.0
68613.0,128398.0,52989.0,7791.0,183833.0,13178.0,5669.0
68536.0,128981.0,52483.0,7797.0,184440.0,13077.0,5718.0
68222.0,129674.0,52104.0,7809.0,184553.0,13343.0,5754.0
68112.0,130076.0,51812.0,7825.0,185035.0,13153.0,
